#,Group,URL,Photographer
1,Late Night,http://www.flickr.com/photos/thomashawk/30523950/,Thomas Hawk
2,Late Night,http://www.flickr.com/photos/parksjd/9616773547/,Joe Parks
3,Late Night,http://www.flickr.com/photos/thomashawk/403407764/,Thomas Hawk
4,Late Night,http://www.flickr.com/photos/skrb/6376942801/,Yuichi Sakuraba
5,Late Night,http://www.flickr.com/photos/thomashawk/2214670720/,Thomas Hawk
6,Late Night,http://www.flickr.com/photos/thomashawk/2247845332/,Thomas Hawk
7,Late Night,http://www.flickr.com/photos/thomashawk/106097690/,Thomas Hawk
8,Late Night,http://www.flickr.com/photos/sg09/8762493214/,Sudheer G.
9,Late Night,http://www.flickr.com/photos/thomashawk/309603466/,Thomas Hawk
10,Late Night,http://www.flickr.com/photos/thomashawk/2144063272/,Thomas Hawk
11,Late Night,http://www.flickr.com/photos/chrischabot/8542718222/,Chris Chabot
12,Late Night,http://www.flickr.com/photos/daver6/4062470366/,Dave R.
0,Late Night,http://www.flickr.com/photos/thomashawk/10058470/,Thomas Hawk
0,Late Night,http://www.flickr.com/photos/thomashawk/455076193/,Thomas Hawk
0,Late Night,http://www.flickr.com/photos/thomashawk/2461848313/,Thomas Hawk
0,Late Night,http://www.flickr.com/photos/scotthessphoto/5372263216/,Scott Hess
0,Late Night,http://www.flickr.com/photos/thomashawk/237537847/,Thomas Hawk
0,Late Night,http://www.flickr.com/photos/thomashawk/41649352/,Thomas Hawk
0,Late Night,http://www.flickr.com/photos/thomashawk/376743192/,Thomas Hawk
0,Late Night,http://www.flickr.com/photos/the_tahoe_guy/3897199064/,The Tahoe Guy
0,Late Night,http://bit.ly/16ITMFT,Thomas Hawk
0,Late Night,http://bit.ly/16IW2Nq,Nan Palermo
0,Late Night,,
1,Dawn,http://www.flickr.com/photos/thomashawk/86991793/,Thomas Hawk
2,Dawn,http://www.flickr.com/photos/thomashawk/293008758/,Thomas Hawk
3,Dawn,http://www.flickr.com/photos/thomashawk/2643874199/,Thomas Hawk
4,Dawn,http://www.flickr.com/photos/chrischabot/8433980317/,Chris Chabot
5,Dawn,http://www.flickr.com/photos/thomashawk/65826938/,Thomas Hawk
6,Dawn,http://www.flickr.com/photos/thomashawk/163597059/,Thomas Hawk
7,Dawn,http://www.flickr.com/photos/small_realm/6891224677/,Bob Mical
7,Dawn,http://www.flickr.com/photos/aballant/3201949192/,Andrew Ballantyne
8,Dawn,http://www.flickr.com/photos/fritography/4521991327/,Curtis Fry
9,Dawn,http://www.flickr.com/photos/thomashawk/79912029/,Thomas Hawk
10,Dawn,http://www.flickr.com/photos/daver6/8061475206/,Dave R.
11,Dawn,http://www.flickr.com/photos/danniao/8439605537/,Joe Jiang
12,Dawn,http://bit.ly/HcWPzH,Dave R.
1,Morning,http://www.flickr.com/photos/angrylambie/141733126/,angrylambie1
2,Morning,http://www.flickr.com/photos/danniao/8458783982/,Joe Jiang
3,Morning,http://www.flickr.com/photos/daver6/5353321553/,Dave R.
4,Morning,http://www.flickr.com/photos/parksdh/6885441422/,Daniel Parks
5,Morning,http://www.flickr.com/photos/calliope/6129326214/,Liz West
6,Morning,http://www.flickr.com/photos/maywong_photos/3813936852/,May Wong
7,Morning,http://www.flickr.com/photos/gazeronly/8030165512/,Torbak Hopper
8,Morning,http://www.flickr.com/photos/wonderlane/3257986666/,Wonderlane
9,Morning,http://www.flickr.com/photos/freshphotolive/8044309970/,Jordan Murphy
10,Morning,http://www.flickr.com/photos/44312671@N03/5651446696/,Mike Filippoff
11,Morning,http://www.flickr.com/photos/captin_nod/5725808791/,Bhautik Joshi
12,Morning,http://www.flickr.com/photos/danramarch/3357640491/,Daniel Ramirez
0,Morning,http://www.flickr.com/photos/viydook/7613219864/,Olin Viydo
0,Morning,,
0,Morning,,
0,Morning,http://www.flickr.com/photos/porsche-linn/5536408871/,Porsche Brosseau
0,Morning,http://www.flickr.com/photos/parksdh/4725575449/,Daniel Parks
1,Afternoon,http://www.flickr.com/photos/debaird/1644749265/,debaird
2,Afternoon,http://www.flickr.com/photos/prayitnophotography/5826993229/,Prayitno
3,Afternoon,http://www.flickr.com/photos/angrylambie/212258564/,angrylambie1
4,Afternoon,,
5,Afternoon,,
6,Afternoon,,
7,Afternoon,,
8,Afternoon,,
9,Afternoon,http://www.flickr.com/photos/40032755@N06/9644158349/,Mar√≠a Pons
10,Afternoon,,
11,Afternoon,http://www.flickr.com/photos/fastlizard4/8336588775/,Adrew Adams
12,Afternoon,http://www.flickr.com/photos/wm_archiv/7194071484/,Allie Caulfield
0,Afternoon,http://www.flickr.com/photos/hitchster/2996898162/,Hitchster
0,Afternoon,http://www.flickr.com/photos/thomashawk/388909531/,Thomas Hawk
0,Afternoon,http://www.flickr.com/photos/danramarch/2956755833/,Daniel Ramirez
0,Afternoon,http://www.flickr.com/photos/63122283@N06/6117824026/,Nelo Hotsuma
0,Afternoon,http://www.flickr.com/photos/familyclan/6810093459/,David McSpadden
0,Afternoon,,
0,Afternoon,,
0,Afternoon,,
0,Afternoon,http://www.flickr.com/photos/thomashawk/388909531/,Thomas Hawk
0,Afternoon,,
0,Afternoon,http://www.flickr.com/photos/blupics/560186143/,Blue Pics
0,Afternoon,http://www.flickr.com/photos/rao_anirudh/5938867942/,Anirudh Rao
1,Dusk,http://www.flickr.com/photos/the_tahoe_guy/3189913369/,The Tahoe Guy
2,Dusk,http://www.flickr.com/photos/jitze1942/5265217201/,Jitze Couperus
3,Dusk,http://www.flickr.com/photos/parksdh/5777623456/,Daniel Parks
4,Dusk,http://www.flickr.com/photos/mikebehnken/5007703932/,Mike Behnken
5,Dusk,http://www.flickr.com/photos/parksdh/6513799947/,Daniel Parks
6,Dusk,http://www.flickr.com/photos/yinghai83/6977699128/,Yinghai
7,Dusk,http://www.flickr.com/photos/parksdh/6175314943/,Daniel Parks
8,Dusk,http://www.flickr.com/photos/fritography/5162434063/,Curtis Fry
9,Dusk,http://www.flickr.com/photos/mikebehnken/5019302697/,Mike Behnken
10,Dusk,http://www.flickr.com/photos/brooke_anderson/493288624/,Brooke Anderson
11,Dusk,http://www.flickr.com/photos/frozenchipmunk/3917353636/,Sharat Ganapati
12,Dusk,http://bit.ly/1aENCLn,Cat
13,Dusk,http://bit.ly/1aEOi3q,Chis Chabot
1,Early Night,http://www.flickr.com/photos/15609463@N03/6224774679/,Jamie McCaffrey
2,Early Night,http://www.flickr.com/photos/neekohfi/8687381196/,Neekoh Fi
3,Early Night,http://www.flickr.com/photos/eviltomthai/3633468442/,Tom Thai
4,Early Night,http://www.flickr.com/photos/stargazer2020/5687936827/,Stargazer2020
5,Early Night,http://www.flickr.com/photos/daveynin/5166154830/,David Fulmer
6,Early Night,http://www.flickr.com/photos/praveenrdesai/9378483921/,Praveen R. Desai
7,Early Night,http://www.flickr.com/photos/parksdh/7117985787/,Daniel Parks
8,Early Night,http://www.flickr.com/photos/parksdh/5356846170/,Daniel Parks
9,Early Night,http://www.flickr.com/photos/thomashawk/57976284/,Thomas Hawk
10,Early Night,http://bit.ly/1aESf88,Ho John Lee
11,Early Night,http://www.flickr.com/photos/28096801@N05/3249046316/,DieselDemon
12,Early Night,http://www.flickr.com/photos/parksdh/9485111918/,Daniel Parks
0,Early Night,http://www.flickr.com/photos/vancouveriste/2069358272/,Bonnie WIllmott